<?xml version="1.0" encoding="UTF-8"?>
<!DOCTYPE mapper PUBLIC "-//mybatis.org//DTD Mapper 3.0//EN" "http://mybatis.org/dtd/mybatis-3-mapper.dtd">
<mapper namespace="com.myblog.dao.ArticlesMapper">
  <resultMap id="BaseResultMap" type="com.myblog.entity.Articles">
    <id column="article_id" jdbcType="INTEGER" property="articleId" />
    <result column="user_id" jdbcType="INTEGER" property="userId" />
    <result column="article_views" jdbcType="INTEGER" property="articleViews" />
    <result column="article_comment_count" jdbcType="INTEGER" property="articleCommentCount" />
    <result column="article_date" jdbcType="TIMESTAMP" property="articleDate" />
    <result column="article_like_count" jdbcType="INTEGER" property="articleLikeCount" />
    <result column="article_title" jdbcType="VARCHAR" property="articleTitle" />
    <result column="article_content" jdbcType="LONGVARCHAR" property="articleContent" />
    <result column="article_pic" jdbcType="VARCHAR" property="articleTic" />
  </resultMap>
  <sql id="Base_Column_List">
    article_id, user_id, article_views, article_comment_count, article_date, article_like_count,article_title, article_content
  </sql>

  <select id="selectByPrimaryKey" parameterType="java.lang.Integer" resultMap="BaseResultMap">
    select 
    *
    from articles
    where article_id = #{articleId,jdbcType=INTEGER}
  </select>

  <delete id="deleteByPrimaryKey" parameterType="java.lang.Integer">
    delete from articles
    where article_id = #{articleId,jdbcType=INTEGER}
  </delete>
  <insert id="insert" parameterType="com.myblog.entity.Articles">
    insert into articles (article_id, user_id, article_views, 
      article_comment_count, article_date, article_like_count, 
      article_title, article_content)
    values (#{articleId,jdbcType=INTEGER}, #{userId,jdbcType=INTEGER}, #{articleViews,jdbcType=INTEGER}, 
      #{articleCommentCount,jdbcType=INTEGER}, #{articleDate,jdbcType=TIMESTAMP}, #{articleLikeCount,jdbcType=INTEGER}, 
      #{articleTitle,jdbcType=VARCHAR}, #{articleContent,jdbcType=LONGVARCHAR})
  </insert>
  <insert id="insertSelective" parameterType="com.myblog.entity.Articles">
    insert into articles
    <trim prefix="(" suffix=")" suffixOverrides=",">
      <if test="articleId != null">
        article_id,
      </if>
      <if test="userId != null">
        user_id,
      </if>
      <if test="articleViews != null">
        article_views,
      </if>
      <if test="articleCommentCount != null">
        article_comment_count,
      </if>
      <if test="articleDate != null">
        article_date,
      </if>
      <if test="articleLikeCount != null">
        article_like_count,
      </if>
      <if test="articleTitle != null">
        article_title,
      </if>
      <if test="articleContent != null">
        article_content,
      </if>
    </trim>
    <trim prefix="values (" suffix=")" suffixOverrides=",">
      <if test="articleId != null">
        #{articleId,jdbcType=INTEGER},
      </if>
      <if test="userId != null">
        #{userId,jdbcType=INTEGER},
      </if>
      <if test="articleViews != null">
        #{articleViews,jdbcType=INTEGER},
      </if>
      <if test="articleCommentCount != null">
        #{articleCommentCount,jdbcType=INTEGER},
      </if>
      <if test="articleDate != null">
        #{articleDate,jdbcType=TIMESTAMP},
      </if>
      <if test="articleLikeCount != null">
        #{articleLikeCount,jdbcType=INTEGER},
      </if>
      <if test="articleTitle != null">
        #{articleTitle,jdbcType=VARCHAR},
      </if>
      <if test="articleContent != null">
        #{articleContent,jdbcType=LONGVARCHAR},
      </if>
    </trim>
  </insert>
  <update id="updateByPrimaryKeySelective" parameterType="com.myblog.entity.Articles">
    update articles
    <set>
      <if test="userId != null">
        user_id = #{userId,jdbcType=INTEGER},
      </if>
      <if test="articleViews != null">
        article_views = #{articleViews,jdbcType=INTEGER},
      </if>
      <if test="articleCommentCount != null">
        article_comment_count = #{articleCommentCount,jdbcType=INTEGER},
      </if>
      <if test="articleDate != null">
        article_date = #{articleDate,jdbcType=TIMESTAMP},
      </if>
      <if test="articleLikeCount != null">
        article_like_count = #{articleLikeCount,jdbcType=INTEGER},
      </if>
      <if test="articleTitle != null">
        article_title = #{articleTitle,jdbcType=LONGVARCHAR},
      </if>
      <if test="articleContent != null">
        article_content = #{articleContent,jdbcType=LONGVARCHAR},
      </if>
    </set>
    where article_id = #{articleId,jdbcType=INTEGER}
  </update>
  <update id="updateByPrimaryKeyWithBLOBs" parameterType="com.myblog.entity.Articles">
    update articles
    set user_id = #{userId,jdbcType=INTEGER},
      article_views = #{articleViews,jdbcType=INTEGER},
      article_comment_count = #{articleCommentCount,jdbcType=INTEGER},
      article_date = #{articleDate,jdbcType=TIMESTAMP},
      article_like_count = #{articleLikeCount,jdbcType=INTEGER},
      article_title = #{articleTitle,jdbcType=LONGVARCHAR},
      article_content = #{articleContent,jdbcType=LONGVARCHAR}
    where article_id = #{articleId,jdbcType=INTEGER}
  </update>
  <update id="updateByPrimaryKey" parameterType="com.myblog.entity.Articles">
    update articles
    set user_id = #{userId,jdbcType=INTEGER},
      article_views = #{articleViews,jdbcType=INTEGER},
      article_comment_count = #{articleCommentCount,jdbcType=INTEGER},
      article_date = #{articleDate,jdbcType=TIMESTAMP},
      article_like_count = #{articleLikeCount,jdbcType=INTEGER}
    where article_id = #{articleId,jdbcType=INTEGER}
  </update>

  <select id="selectArticles"  resultMap="BaseResultMap">
    select
    *
    from articles
  </select>

  <select id="selectArticlesPage" parameterType="map" resultType="map">
	select * from articles limit #{page},#{size}
</select>
  <select id="count" resultType="long">
	select count(1) from articles
</select>
</mapper>