<?xml version="1.0" encoding="UTF-8"?>
<!DOCTYPE mapper PUBLIC "-//mybatis.org//DTD Mapper 3.0//EN" "http://mybatis.org/dtd/mybatis-3-mapper.dtd">
<mapper namespace="com.myblog.dao.LabelsMapper">
  <resultMap id="BaseResultMap" type="com.myblog.entity.Labels">
    <id column="label_id" jdbcType="INTEGER" property="labelId" />
    <result column="label_name" jdbcType="VARCHAR" property="labelName" />
    <result column="label_alias" jdbcType="VARCHAR" property="labelAlias" />
  </resultMap>
  <resultMap extends="BaseResultMap" id="ResultMapWithBLOBs" type="com.myblog.entity.Labels">
    <result column="label_description" jdbcType="LONGVARCHAR" property="labelDescription" />
  </resultMap>
  <sql id="Base_Column_List">
    label_id, label_name, label_alias
  </sql>
  <sql id="Blob_Column_List">
    label_description
  </sql>
  <select id="selectByPrimaryKey" parameterType="java.lang.Integer" resultMap="ResultMapWithBLOBs">
    select 
    <include refid="Base_Column_List" />
    ,
    <include refid="Blob_Column_List" />
    from labels
    where label_id = #{labelId,jdbcType=INTEGER}
  </select>
  <delete id="deleteByPrimaryKey" parameterType="java.lang.Integer">
    delete from labels
    where label_id = #{labelId,jdbcType=INTEGER}
  </delete>
  <insert id="insert" parameterType="com.myblog.entity.Labels">
    insert into labels (label_id, label_name, label_alias, 
      label_description)
    values (#{labelId,jdbcType=INTEGER}, #{labelName,jdbcType=VARCHAR}, #{labelAlias,jdbcType=VARCHAR}, 
      #{labelDescription,jdbcType=LONGVARCHAR})
  </insert>
  <insert id="insertSelective" parameterType="com.myblog.entity.Labels">
    insert into labels
    <trim prefix="(" suffix=")" suffixOverrides=",">
      <if test="labelId != null">
        label_id,
      </if>
      <if test="labelName != null">
        label_name,
      </if>
      <if test="labelAlias != null">
        label_alias,
      </if>
      <if test="labelDescription != null">
        label_description,
      </if>
    </trim>
    <trim prefix="values (" suffix=")" suffixOverrides=",">
      <if test="labelId != null">
        #{labelId,jdbcType=INTEGER},
      </if>
      <if test="labelName != null">
        #{labelName,jdbcType=VARCHAR},
      </if>
      <if test="labelAlias != null">
        #{labelAlias,jdbcType=VARCHAR},
      </if>
      <if test="labelDescription != null">
        #{labelDescription,jdbcType=LONGVARCHAR},
      </if>
    </trim>
  </insert>
  <update id="updateByPrimaryKeySelective" parameterType="com.myblog.entity.Labels">
    update labels
    <set>
      <if test="labelName != null">
        label_name = #{labelName,jdbcType=VARCHAR},
      </if>
      <if test="labelAlias != null">
        label_alias = #{labelAlias,jdbcType=VARCHAR},
      </if>
      <if test="labelDescription != null">
        label_description = #{labelDescription,jdbcType=LONGVARCHAR},
      </if>
    </set>
    where label_id = #{labelId,jdbcType=INTEGER}
  </update>
  <update id="updateByPrimaryKeyWithBLOBs" parameterType="com.myblog.entity.Labels">
    update labels
    set label_name = #{labelName,jdbcType=VARCHAR},
      label_alias = #{labelAlias,jdbcType=VARCHAR},
      label_description = #{labelDescription,jdbcType=LONGVARCHAR}
    where label_id = #{labelId,jdbcType=INTEGER}
  </update>
  <update id="updateByPrimaryKey" parameterType="com.myblog.entity.Labels">
    update labels
    set label_name = #{labelName,jdbcType=VARCHAR},
      label_alias = #{labelAlias,jdbcType=VARCHAR}
    where label_id = #{labelId,jdbcType=INTEGER}
  </update>
</mapper>