<?xml version="1.0" encoding="UTF-8"?>
<!DOCTYPE mapper PUBLIC "-//mybatis.org//DTD Mapper 3.0//EN" "http://mybatis.org/dtd/mybatis-3-mapper.dtd">
<mapper namespace="com.myblog.dao.User_friendsMapper">
  <resultMap id="BaseResultMap" type="com.myblog.entity.User_friends">
    <id column="id" jdbcType="INTEGER" property="id" />
    <result column="user_id" jdbcType="INTEGER" property="userId" />
    <result column="user_friends_id" jdbcType="INTEGER" property="userFriendsId" />
    <result column="user_note" jdbcType="VARCHAR" property="userNote" />
    <result column="user_status" jdbcType="VARCHAR" property="userStatus" />
  </resultMap>
  <sql id="Base_Column_List">
    id, user_id, user_friends_id, user_note, user_status
  </sql>
  <select id="selectByPrimaryKey" parameterType="java.lang.Integer" resultMap="BaseResultMap">
    select 
    <include refid="Base_Column_List" />
    from user_friends
    where id = #{id,jdbcType=INTEGER}
  </select>
  <delete id="deleteByPrimaryKey" parameterType="java.lang.Integer">
    delete from user_friends
    where id = #{id,jdbcType=INTEGER}
  </delete>
  <insert id="insert" parameterType="com.myblog.entity.User_friends">
    insert into user_friends (id, user_id, user_friends_id, 
      user_note, user_status)
    values (#{id,jdbcType=INTEGER}, #{userId,jdbcType=INTEGER}, #{userFriendsId,jdbcType=INTEGER}, 
      #{userNote,jdbcType=VARCHAR}, #{userStatus,jdbcType=VARCHAR})
  </insert>
  <insert id="insertSelective" parameterType="com.myblog.entity.User_friends">
    insert into user_friends
    <trim prefix="(" suffix=")" suffixOverrides=",">
      <if test="id != null">
        id,
      </if>
      <if test="userId != null">
        user_id,
      </if>
      <if test="userFriendsId != null">
        user_friends_id,
      </if>
      <if test="userNote != null">
        user_note,
      </if>
      <if test="userStatus != null">
        user_status,
      </if>
    </trim>
    <trim prefix="values (" suffix=")" suffixOverrides=",">
      <if test="id != null">
        #{id,jdbcType=INTEGER},
      </if>
      <if test="userId != null">
        #{userId,jdbcType=INTEGER},
      </if>
      <if test="userFriendsId != null">
        #{userFriendsId,jdbcType=INTEGER},
      </if>
      <if test="userNote != null">
        #{userNote,jdbcType=VARCHAR},
      </if>
      <if test="userStatus != null">
        #{userStatus,jdbcType=VARCHAR},
      </if>
    </trim>
  </insert>
  <update id="updateByPrimaryKeySelective" parameterType="com.myblog.entity.User_friends">
    update user_friends
    <set>
      <if test="userId != null">
        user_id = #{userId,jdbcType=INTEGER},
      </if>
      <if test="userFriendsId != null">
        user_friends_id = #{userFriendsId,jdbcType=INTEGER},
      </if>
      <if test="userNote != null">
        user_note = #{userNote,jdbcType=VARCHAR},
      </if>
      <if test="userStatus != null">
        user_status = #{userStatus,jdbcType=VARCHAR},
      </if>
    </set>
    where id = #{id,jdbcType=INTEGER}
  </update>
  <update id="updateByPrimaryKey" parameterType="com.myblog.entity.User_friends">
    update user_friends
    set user_id = #{userId,jdbcType=INTEGER},
      user_friends_id = #{userFriendsId,jdbcType=INTEGER},
      user_note = #{userNote,jdbcType=VARCHAR},
      user_status = #{userStatus,jdbcType=VARCHAR}
    where id = #{id,jdbcType=INTEGER}
  </update>
</mapper>