<?xml version="1.0" encoding="UTF-8"?>
<!DOCTYPE mapper PUBLIC "-//mybatis.org//DTD Mapper 3.0//EN" "http://mybatis.org/dtd/mybatis-3-mapper.dtd">
<mapper namespace="com.myblog.dao.CommentsMapper">
  <resultMap id="BaseResultMap" type="com.myblog.entity.Comments">
    <id column="comment_id" jdbcType="INTEGER" property="commentId" />
    <result column="user_id" jdbcType="INTEGER" property="userId" />
    <result column="article_id" jdbcType="INTEGER" property="articleId" />
    <result column="comment_like_count" jdbcType="INTEGER" property="commentLikeCount" />
    <result column="comment_date" jdbcType="TIMESTAMP" property="commentDate" />
    <result column="parent_comment_id" jdbcType="INTEGER" property="parentCommentId" />
  </resultMap>
  <resultMap extends="BaseResultMap" id="ResultMapWithBLOBs" type="com.myblog.entity.Comments">
    <result column="comment_content" jdbcType="LONGVARCHAR" property="commentContent" />
  </resultMap>
  <sql id="Base_Column_List">
    comment_id, user_id, article_id, comment_like_count, comment_date, parent_comment_id
  </sql>
  <sql id="Blob_Column_List">
    comment_content
  </sql>
  <select id="selectByPrimaryKey" parameterType="java.lang.Integer" resultMap="ResultMapWithBLOBs">
    select 
    <include refid="Base_Column_List" />
    ,
    <include refid="Blob_Column_List" />
    from comments
    where comment_id = #{commentId,jdbcType=INTEGER}
  </select>
  <delete id="deleteByPrimaryKey" parameterType="java.lang.Integer">
    delete from comments
    where comment_id = #{commentId,jdbcType=INTEGER}
  </delete>
  <insert id="insert" parameterType="com.myblog.entity.Comments">
    insert into comments (comment_id, user_id, article_id, 
      comment_like_count, comment_date, parent_comment_id, 
      comment_content)
    values (#{commentId,jdbcType=INTEGER}, #{userId,jdbcType=INTEGER}, #{articleId,jdbcType=INTEGER}, 
      #{commentLikeCount,jdbcType=INTEGER}, #{commentDate,jdbcType=TIMESTAMP}, #{parentCommentId,jdbcType=INTEGER}, 
      #{commentContent,jdbcType=LONGVARCHAR})
  </insert>
  <insert id="insertSelective" parameterType="com.myblog.entity.Comments">
    insert into comments
    <trim prefix="(" suffix=")" suffixOverrides=",">
      <if test="commentId != null">
        comment_id,
      </if>
      <if test="userId != null">
        user_id,
      </if>
      <if test="articleId != null">
        article_id,
      </if>
      <if test="commentLikeCount != null">
        comment_like_count,
      </if>
      <if test="commentDate != null">
        comment_date,
      </if>
      <if test="parentCommentId != null">
        parent_comment_id,
      </if>
      <if test="commentContent != null">
        comment_content,
      </if>
    </trim>
    <trim prefix="values (" suffix=")" suffixOverrides=",">
      <if test="commentId != null">
        #{commentId,jdbcType=INTEGER},
      </if>
      <if test="userId != null">
        #{userId,jdbcType=INTEGER},
      </if>
      <if test="articleId != null">
        #{articleId,jdbcType=INTEGER},
      </if>
      <if test="commentLikeCount != null">
        #{commentLikeCount,jdbcType=INTEGER},
      </if>
      <if test="commentDate != null">
        #{commentDate,jdbcType=TIMESTAMP},
      </if>
      <if test="parentCommentId != null">
        #{parentCommentId,jdbcType=INTEGER},
      </if>
      <if test="commentContent != null">
        #{commentContent,jdbcType=LONGVARCHAR},
      </if>
    </trim>
  </insert>
  <update id="updateByPrimaryKeySelective" parameterType="com.myblog.entity.Comments">
    update comments
    <set>
      <if test="userId != null">
        user_id = #{userId,jdbcType=INTEGER},
      </if>
      <if test="articleId != null">
        article_id = #{articleId,jdbcType=INTEGER},
      </if>
      <if test="commentLikeCount != null">
        comment_like_count = #{commentLikeCount,jdbcType=INTEGER},
      </if>
      <if test="commentDate != null">
        comment_date = #{commentDate,jdbcType=TIMESTAMP},
      </if>
      <if test="parentCommentId != null">
        parent_comment_id = #{parentCommentId,jdbcType=INTEGER},
      </if>
      <if test="commentContent != null">
        comment_content = #{commentContent,jdbcType=LONGVARCHAR},
      </if>
    </set>
    where comment_id = #{commentId,jdbcType=INTEGER}
  </update>
  <update id="updateByPrimaryKeyWithBLOBs" parameterType="com.myblog.entity.Comments">
    update comments
    set user_id = #{userId,jdbcType=INTEGER},
      article_id = #{articleId,jdbcType=INTEGER},
      comment_like_count = #{commentLikeCount,jdbcType=INTEGER},
      comment_date = #{commentDate,jdbcType=TIMESTAMP},
      parent_comment_id = #{parentCommentId,jdbcType=INTEGER},
      comment_content = #{commentContent,jdbcType=LONGVARCHAR}
    where comment_id = #{commentId,jdbcType=INTEGER}
  </update>
  <update id="updateByPrimaryKey" parameterType="com.myblog.entity.Comments">
    update comments
    set user_id = #{userId,jdbcType=INTEGER},
      article_id = #{articleId,jdbcType=INTEGER},
      comment_like_count = #{commentLikeCount,jdbcType=INTEGER},
      comment_date = #{commentDate,jdbcType=TIMESTAMP},
      parent_comment_id = #{parentCommentId,jdbcType=INTEGER}
    where comment_id = #{commentId,jdbcType=INTEGER}
  </update>
  <resultMap id="BaseResultMap" type="com.myblog.entity.Comments">
    <id column="comment_id" jdbcType="INTEGER" property="commentId" />
    <result column="user_id" jdbcType="INTEGER" property="userId" />
    <result column="article_id" jdbcType="INTEGER" property="articleId" />
    <result column="comment_like_count" jdbcType="INTEGER" property="commentLikeCount" />
    <result column="comment_date" jdbcType="TIMESTAMP" property="commentDate" />
    <result column="parent_comment_id" jdbcType="INTEGER" property="parentCommentId" />
  </resultMap>
  <resultMap extends="BaseResultMap" id="ResultMapWithBLOBs" type="com.myblog.entity.Comments">
    <result column="comment_content" jdbcType="LONGVARCHAR" property="commentContent" />
  </resultMap>
  <sql id="Base_Column_List">
    comment_id, user_id, article_id, comment_like_count, comment_date, parent_comment_id
  </sql>
  <sql id="Blob_Column_List">
    comment_content
  </sql>
  <select id="selectByPrimaryKey" parameterType="java.lang.Integer" resultMap="ResultMapWithBLOBs">
    select 
    <include refid="Base_Column_List" />
    ,
    <include refid="Blob_Column_List" />
    from comments
    where comment_id = #{commentId,jdbcType=INTEGER}
  </select>
  <delete id="deleteByPrimaryKey" parameterType="java.lang.Integer">
    delete from comments
    where comment_id = #{commentId,jdbcType=INTEGER}
  </delete>
  <insert id="insert" parameterType="com.myblog.entity.Comments">
    insert into comments (comment_id, user_id, article_id, 
      comment_like_count, comment_date, parent_comment_id, 
      comment_content)
    values (#{commentId,jdbcType=INTEGER}, #{userId,jdbcType=INTEGER}, #{articleId,jdbcType=INTEGER}, 
      #{commentLikeCount,jdbcType=INTEGER}, #{commentDate,jdbcType=TIMESTAMP}, #{parentCommentId,jdbcType=INTEGER}, 
      #{commentContent,jdbcType=LONGVARCHAR})
  </insert>
  <insert id="insertSelective" parameterType="com.myblog.entity.Comments">
    insert into comments
    <trim prefix="(" suffix=")" suffixOverrides=",">
      <if test="commentId != null">
        comment_id,
      </if>
      <if test="userId != null">
        user_id,
      </if>
      <if test="articleId != null">
        article_id,
      </if>
      <if test="commentLikeCount != null">
        comment_like_count,
      </if>
      <if test="commentDate != null">
        comment_date,
      </if>
      <if test="parentCommentId != null">
        parent_comment_id,
      </if>
      <if test="commentContent != null">
        comment_content,
      </if>
    </trim>
    <trim prefix="values (" suffix=")" suffixOverrides=",">
      <if test="commentId != null">
        #{commentId,jdbcType=INTEGER},
      </if>
      <if test="userId != null">
        #{userId,jdbcType=INTEGER},
      </if>
      <if test="articleId != null">
        #{articleId,jdbcType=INTEGER},
      </if>
      <if test="commentLikeCount != null">
        #{commentLikeCount,jdbcType=INTEGER},
      </if>
      <if test="commentDate != null">
        #{commentDate,jdbcType=TIMESTAMP},
      </if>
      <if test="parentCommentId != null">
        #{parentCommentId,jdbcType=INTEGER},
      </if>
      <if test="commentContent != null">
        #{commentContent,jdbcType=LONGVARCHAR},
      </if>
    </trim>
  </insert>
  <update id="updateByPrimaryKeySelective" parameterType="com.myblog.entity.Comments">
    update comments
    <set>
      <if test="userId != null">
        user_id = #{userId,jdbcType=INTEGER},
      </if>
      <if test="articleId != null">
        article_id = #{articleId,jdbcType=INTEGER},
      </if>
      <if test="commentLikeCount != null">
        comment_like_count = #{commentLikeCount,jdbcType=INTEGER},
      </if>
      <if test="commentDate != null">
        comment_date = #{commentDate,jdbcType=TIMESTAMP},
      </if>
      <if test="parentCommentId != null">
        parent_comment_id = #{parentCommentId,jdbcType=INTEGER},
      </if>
      <if test="commentContent != null">
        comment_content = #{commentContent,jdbcType=LONGVARCHAR},
      </if>
    </set>
    where comment_id = #{commentId,jdbcType=INTEGER}
  </update>
  <update id="updateByPrimaryKeyWithBLOBs" parameterType="com.myblog.entity.Comments">
    update comments
    set user_id = #{userId,jdbcType=INTEGER},
      article_id = #{articleId,jdbcType=INTEGER},
      comment_like_count = #{commentLikeCount,jdbcType=INTEGER},
      comment_date = #{commentDate,jdbcType=TIMESTAMP},
      parent_comment_id = #{parentCommentId,jdbcType=INTEGER},
      comment_content = #{commentContent,jdbcType=LONGVARCHAR}
    where comment_id = #{commentId,jdbcType=INTEGER}
  </update>
  <update id="updateByPrimaryKey" parameterType="com.myblog.entity.Comments">
    update comments
    set user_id = #{userId,jdbcType=INTEGER},
      article_id = #{articleId,jdbcType=INTEGER},
      comment_like_count = #{commentLikeCount,jdbcType=INTEGER},
      comment_date = #{commentDate,jdbcType=TIMESTAMP},
      parent_comment_id = #{parentCommentId,jdbcType=INTEGER}
    where comment_id = #{commentId,jdbcType=INTEGER}
  </update>
</mapper>