<?xml version="1.0" encoding="UTF-8"?>
<!DOCTYPE mapper PUBLIC "-//mybatis.org//DTD Mapper 3.0//EN" "http://mybatis.org/dtd/mybatis-3-mapper.dtd">
<mapper namespace="com.myblog.dao.SetArtitleSortMapper">
  <resultMap id="BaseResultMap" type="com.myblog.entity.SetArtitleSortKey">
    <id column="article_id" jdbcType="INTEGER" property="articleId" />
    <id column="sort_id" jdbcType="INTEGER" property="sortId" />
  </resultMap>
  <delete id="deleteByPrimaryKey" parameterType="com.myblog.entity.SetArtitleSortKey">
    delete from set_artitle_sort
    where article_id = #{articleId,jdbcType=INTEGER}
      and sort_id = #{sortId,jdbcType=INTEGER}
  </delete>
  <insert id="insert" parameterType="com.myblog.entity.SetArtitleSortKey">
    insert into set_artitle_sort (article_id, sort_id)
    values (#{articleId,jdbcType=INTEGER}, #{sortId,jdbcType=INTEGER})
  </insert>
  <insert id="insertSelective" parameterType="com.myblog.entity.SetArtitleSortKey">
    insert into set_artitle_sort
    <trim prefix="(" suffix=")" suffixOverrides=",">
      <if test="articleId != null">
        article_id,
      </if>
      <if test="sortId != null">
        sort_id,
      </if>
    </trim>
    <trim prefix="values (" suffix=")" suffixOverrides=",">
      <if test="articleId != null">
        #{articleId,jdbcType=INTEGER},
      </if>
      <if test="sortId != null">
        #{sortId,jdbcType=INTEGER},
      </if>
    </trim>
  </insert>
  <resultMap id="BaseResultMap" type="com.myblog.entity.SetArtitleSortKey">
    <id column="article_id" jdbcType="INTEGER" property="articleId" />
    <id column="sort_id" jdbcType="INTEGER" property="sortId" />
  </resultMap>
  <delete id="deleteByPrimaryKey" parameterType="com.myblog.entity.SetArtitleSortKey">
    delete from set_artitle_sort
    where article_id = #{articleId,jdbcType=INTEGER}
      and sort_id = #{sortId,jdbcType=INTEGER}
  </delete>
  <insert id="insert" parameterType="com.myblog.entity.SetArtitleSortKey">
    insert into set_artitle_sort (article_id, sort_id)
    values (#{articleId,jdbcType=INTEGER}, #{sortId,jdbcType=INTEGER})
  </insert>
  <insert id="insertSelective" parameterType="com.myblog.entity.SetArtitleSortKey">
    insert into set_artitle_sort
    <trim prefix="(" suffix=")" suffixOverrides=",">
      <if test="articleId != null">
        article_id,
      </if>
      <if test="sortId != null">
        sort_id,
      </if>
    </trim>
    <trim prefix="values (" suffix=")" suffixOverrides=",">
      <if test="articleId != null">
        #{articleId,jdbcType=INTEGER},
      </if>
      <if test="sortId != null">
        #{sortId,jdbcType=INTEGER},
      </if>
    </trim>
  </insert>
</mapper>