<?xml version="1.0" encoding="UTF-8"?>
<!DOCTYPE mapper PUBLIC "-//mybatis.org//DTD Mapper 3.0//EN" "http://mybatis.org/dtd/mybatis-3-mapper.dtd">
<mapper namespace="com.myblog.dao.SetArtitleLabelMapper">
  <resultMap id="BaseResultMap" type="com.myblog.entity.SetArtitleLabel">
    <id column="article_id" jdbcType="INTEGER" property="articleId" />
    <result column="label_id" jdbcType="INTEGER" property="labelId" />
  </resultMap>
  <sql id="Base_Column_List">
    article_id, label_id
  </sql>
  <select id="selectByPrimaryKey" parameterType="java.lang.Integer" resultMap="BaseResultMap">
    select 
    <include refid="Base_Column_List" />
    from set_artitle_label
    where article_id = #{articleId,jdbcType=INTEGER}
  </select>
  <delete id="deleteByPrimaryKey" parameterType="java.lang.Integer">
    delete from set_artitle_label
    where article_id = #{articleId,jdbcType=INTEGER}
  </delete>
  <insert id="insert" parameterType="com.myblog.entity.SetArtitleLabel">
    insert into set_artitle_label (article_id, label_id)
    values (#{articleId,jdbcType=INTEGER}, #{labelId,jdbcType=INTEGER})
  </insert>
  <insert id="insertSelective" parameterType="com.myblog.entity.SetArtitleLabel">
    insert into set_artitle_label
    <trim prefix="(" suffix=")" suffixOverrides=",">
      <if test="articleId != null">
        article_id,
      </if>
      <if test="labelId != null">
        label_id,
      </if>
    </trim>
    <trim prefix="values (" suffix=")" suffixOverrides=",">
      <if test="articleId != null">
        #{articleId,jdbcType=INTEGER},
      </if>
      <if test="labelId != null">
        #{labelId,jdbcType=INTEGER},
      </if>
    </trim>
  </insert>
  <update id="updateByPrimaryKeySelective" parameterType="com.myblog.entity.SetArtitleLabel">
    update set_artitle_label
    <set>
      <if test="labelId != null">
        label_id = #{labelId,jdbcType=INTEGER},
      </if>
    </set>
    where article_id = #{articleId,jdbcType=INTEGER}
  </update>
  <update id="updateByPrimaryKey" parameterType="com.myblog.entity.SetArtitleLabel">
    update set_artitle_label
    set label_id = #{labelId,jdbcType=INTEGER}
    where article_id = #{articleId,jdbcType=INTEGER}
  </update>
  <resultMap id="BaseResultMap" type="com.myblog.entity.SetArtitleLabel">
    <id column="article_id" jdbcType="INTEGER" property="articleId" />
    <result column="label_id" jdbcType="INTEGER" property="labelId" />
  </resultMap>
  <sql id="Base_Column_List">
    article_id, label_id
  </sql>
  <select id="selectByPrimaryKey" parameterType="java.lang.Integer" resultMap="BaseResultMap">
    select 
    <include refid="Base_Column_List" />
    from set_artitle_label
    where article_id = #{articleId,jdbcType=INTEGER}
  </select>
  <delete id="deleteByPrimaryKey" parameterType="java.lang.Integer">
    delete from set_artitle_label
    where article_id = #{articleId,jdbcType=INTEGER}
  </delete>
  <insert id="insert" parameterType="com.myblog.entity.SetArtitleLabel">
    insert into set_artitle_label (article_id, label_id)
    values (#{articleId,jdbcType=INTEGER}, #{labelId,jdbcType=INTEGER})
  </insert>
  <insert id="insertSelective" parameterType="com.myblog.entity.SetArtitleLabel">
    insert into set_artitle_label
    <trim prefix="(" suffix=")" suffixOverrides=",">
      <if test="articleId != null">
        article_id,
      </if>
      <if test="labelId != null">
        label_id,
      </if>
    </trim>
    <trim prefix="values (" suffix=")" suffixOverrides=",">
      <if test="articleId != null">
        #{articleId,jdbcType=INTEGER},
      </if>
      <if test="labelId != null">
        #{labelId,jdbcType=INTEGER},
      </if>
    </trim>
  </insert>
  <update id="updateByPrimaryKeySelective" parameterType="com.myblog.entity.SetArtitleLabel">
    update set_artitle_label
    <set>
      <if test="labelId != null">
        label_id = #{labelId,jdbcType=INTEGER},
      </if>
    </set>
    where article_id = #{articleId,jdbcType=INTEGER}
  </update>
  <update id="updateByPrimaryKey" parameterType="com.myblog.entity.SetArtitleLabel">
    update set_artitle_label
    set label_id = #{labelId,jdbcType=INTEGER}
    where article_id = #{articleId,jdbcType=INTEGER}
  </update>
</mapper>