<?xml version="1.0" encoding="UTF-8"?>
<!DOCTYPE mapper PUBLIC "-//mybatis.org//DTD Mapper 3.0//EN" "http://mybatis.org/dtd/mybatis-3-mapper.dtd">
<mapper namespace="com.myblog.dao.SortsMapper">
  <resultMap id="BaseResultMap" type="com.myblog.entity.Sorts">
    <id column="sort_id" jdbcType="INTEGER" property="sortId" />
    <result column="sort_name" jdbcType="VARCHAR" property="sortName" />
    <result column="sort_alias" jdbcType="VARCHAR" property="sortAlias" />
    <result column="parent_sort_id" jdbcType="INTEGER" property="parentSortId" />
  </resultMap>
  <resultMap extends="BaseResultMap" id="ResultMapWithBLOBs" type="com.myblog.entity.Sorts">
    <result column="sort_description" jdbcType="LONGVARCHAR" property="sortDescription" />
  </resultMap>
  <sql id="Base_Column_List">
    sort_id, sort_name, sort_alias, parent_sort_id
  </sql>
  <sql id="Blob_Column_List">
    sort_description
  </sql>
  <select id="selectByPrimaryKey" parameterType="java.lang.Integer" resultMap="ResultMapWithBLOBs">
    select 
    <include refid="Base_Column_List" />
    ,
    <include refid="Blob_Column_List" />
    from sorts
    where sort_id = #{sortId,jdbcType=INTEGER}
  </select>
  <delete id="deleteByPrimaryKey" parameterType="java.lang.Integer">
    delete from sorts
    where sort_id = #{sortId,jdbcType=INTEGER}
  </delete>
  <insert id="insert" parameterType="com.myblog.entity.Sorts">
    insert into sorts (sort_id, sort_name, sort_alias, 
      parent_sort_id, sort_description)
    values (#{sortId,jdbcType=INTEGER}, #{sortName,jdbcType=VARCHAR}, #{sortAlias,jdbcType=VARCHAR}, 
      #{parentSortId,jdbcType=INTEGER}, #{sortDescription,jdbcType=LONGVARCHAR})
  </insert>
  <insert id="insertSelective" parameterType="com.myblog.entity.Sorts">
    insert into sorts
    <trim prefix="(" suffix=")" suffixOverrides=",">
      <if test="sortId != null">
        sort_id,
      </if>
      <if test="sortName != null">
        sort_name,
      </if>
      <if test="sortAlias != null">
        sort_alias,
      </if>
      <if test="parentSortId != null">
        parent_sort_id,
      </if>
      <if test="sortDescription != null">
        sort_description,
      </if>
    </trim>
    <trim prefix="values (" suffix=")" suffixOverrides=",">
      <if test="sortId != null">
        #{sortId,jdbcType=INTEGER},
      </if>
      <if test="sortName != null">
        #{sortName,jdbcType=VARCHAR},
      </if>
      <if test="sortAlias != null">
        #{sortAlias,jdbcType=VARCHAR},
      </if>
      <if test="parentSortId != null">
        #{parentSortId,jdbcType=INTEGER},
      </if>
      <if test="sortDescription != null">
        #{sortDescription,jdbcType=LONGVARCHAR},
      </if>
    </trim>
  </insert>
  <update id="updateByPrimaryKeySelective" parameterType="com.myblog.entity.Sorts">
    update sorts
    <set>
      <if test="sortName != null">
        sort_name = #{sortName,jdbcType=VARCHAR},
      </if>
      <if test="sortAlias != null">
        sort_alias = #{sortAlias,jdbcType=VARCHAR},
      </if>
      <if test="parentSortId != null">
        parent_sort_id = #{parentSortId,jdbcType=INTEGER},
      </if>
      <if test="sortDescription != null">
        sort_description = #{sortDescription,jdbcType=LONGVARCHAR},
      </if>
    </set>
    where sort_id = #{sortId,jdbcType=INTEGER}
  </update>
  <update id="updateByPrimaryKeyWithBLOBs" parameterType="com.myblog.entity.Sorts">
    update sorts
    set sort_name = #{sortName,jdbcType=VARCHAR},
      sort_alias = #{sortAlias,jdbcType=VARCHAR},
      parent_sort_id = #{parentSortId,jdbcType=INTEGER},
      sort_description = #{sortDescription,jdbcType=LONGVARCHAR}
    where sort_id = #{sortId,jdbcType=INTEGER}
  </update>
  <update id="updateByPrimaryKey" parameterType="com.myblog.entity.Sorts">
    update sorts
    set sort_name = #{sortName,jdbcType=VARCHAR},
      sort_alias = #{sortAlias,jdbcType=VARCHAR},
      parent_sort_id = #{parentSortId,jdbcType=INTEGER}
    where sort_id = #{sortId,jdbcType=INTEGER}
  </update>
  <resultMap id="BaseResultMap" type="com.myblog.entity.Sorts">
    <id column="sort_id" jdbcType="INTEGER" property="sortId" />
    <result column="sort_name" jdbcType="VARCHAR" property="sortName" />
    <result column="sort_alias" jdbcType="VARCHAR" property="sortAlias" />
    <result column="parent_sort_id" jdbcType="INTEGER" property="parentSortId" />
  </resultMap>
  <resultMap extends="BaseResultMap" id="ResultMapWithBLOBs" type="com.myblog.entity.Sorts">
    <result column="sort_description" jdbcType="LONGVARCHAR" property="sortDescription" />
  </resultMap>
  <sql id="Base_Column_List">
    sort_id, sort_name, sort_alias, parent_sort_id
  </sql>
  <sql id="Blob_Column_List">
    sort_description
  </sql>
  <select id="selectByPrimaryKey" parameterType="java.lang.Integer" resultMap="ResultMapWithBLOBs">
    select 
    <include refid="Base_Column_List" />
    ,
    <include refid="Blob_Column_List" />
    from sorts
    where sort_id = #{sortId,jdbcType=INTEGER}
  </select>
  <delete id="deleteByPrimaryKey" parameterType="java.lang.Integer">
    delete from sorts
    where sort_id = #{sortId,jdbcType=INTEGER}
  </delete>
  <insert id="insert" parameterType="com.myblog.entity.Sorts">
    insert into sorts (sort_id, sort_name, sort_alias, 
      parent_sort_id, sort_description)
    values (#{sortId,jdbcType=INTEGER}, #{sortName,jdbcType=VARCHAR}, #{sortAlias,jdbcType=VARCHAR}, 
      #{parentSortId,jdbcType=INTEGER}, #{sortDescription,jdbcType=LONGVARCHAR})
  </insert>
  <insert id="insertSelective" parameterType="com.myblog.entity.Sorts">
    insert into sorts
    <trim prefix="(" suffix=")" suffixOverrides=",">
      <if test="sortId != null">
        sort_id,
      </if>
      <if test="sortName != null">
        sort_name,
      </if>
      <if test="sortAlias != null">
        sort_alias,
      </if>
      <if test="parentSortId != null">
        parent_sort_id,
      </if>
      <if test="sortDescription != null">
        sort_description,
      </if>
    </trim>
    <trim prefix="values (" suffix=")" suffixOverrides=",">
      <if test="sortId != null">
        #{sortId,jdbcType=INTEGER},
      </if>
      <if test="sortName != null">
        #{sortName,jdbcType=VARCHAR},
      </if>
      <if test="sortAlias != null">
        #{sortAlias,jdbcType=VARCHAR},
      </if>
      <if test="parentSortId != null">
        #{parentSortId,jdbcType=INTEGER},
      </if>
      <if test="sortDescription != null">
        #{sortDescription,jdbcType=LONGVARCHAR},
      </if>
    </trim>
  </insert>
  <update id="updateByPrimaryKeySelective" parameterType="com.myblog.entity.Sorts">
    update sorts
    <set>
      <if test="sortName != null">
        sort_name = #{sortName,jdbcType=VARCHAR},
      </if>
      <if test="sortAlias != null">
        sort_alias = #{sortAlias,jdbcType=VARCHAR},
      </if>
      <if test="parentSortId != null">
        parent_sort_id = #{parentSortId,jdbcType=INTEGER},
      </if>
      <if test="sortDescription != null">
        sort_description = #{sortDescription,jdbcType=LONGVARCHAR},
      </if>
    </set>
    where sort_id = #{sortId,jdbcType=INTEGER}
  </update>
  <update id="updateByPrimaryKeyWithBLOBs" parameterType="com.myblog.entity.Sorts">
    update sorts
    set sort_name = #{sortName,jdbcType=VARCHAR},
      sort_alias = #{sortAlias,jdbcType=VARCHAR},
      parent_sort_id = #{parentSortId,jdbcType=INTEGER},
      sort_description = #{sortDescription,jdbcType=LONGVARCHAR}
    where sort_id = #{sortId,jdbcType=INTEGER}
  </update>
  <update id="updateByPrimaryKey" parameterType="com.myblog.entity.Sorts">
    update sorts
    set sort_name = #{sortName,jdbcType=VARCHAR},
      sort_alias = #{sortAlias,jdbcType=VARCHAR},
      parent_sort_id = #{parentSortId,jdbcType=INTEGER}
    where sort_id = #{sortId,jdbcType=INTEGER}
  </update>
</mapper>