<?xml version="1.0" encoding="UTF-8"?>
<!DOCTYPE mapper PUBLIC "-//mybatis.org//DTD Mapper 3.0//EN" "http://mybatis.org/dtd/mybatis-3-mapper.dtd">
<mapper namespace="com.myblog.dao.UserMapper">
  <resultMap id="BaseResultMap" type="com.myblog.entity.User">
    <id column="user_id" jdbcType="INTEGER" property="userId" />
    <result column="user_ip" jdbcType="VARCHAR" property="userIp" />
    <result column="user_name" jdbcType="VARCHAR" property="userName" />
    <result column="user_password" jdbcType="VARCHAR" property="userPassword" />
    <result column="user_email" jdbcType="VARCHAR" property="userEmail" />
    <result column="user_profile_photo" jdbcType="VARCHAR" property="userProfilePhoto" />
    <result column="user_registration_time" jdbcType="TIMESTAMP" property="userRegistrationTime" />
    <result column="user_birthday" jdbcType="DATE" property="userBirthday" />
    <result column="user_age" jdbcType="INTEGER" property="userAge" />
    <result column="user_telephone_number" jdbcType="INTEGER" property="userTelephoneNumber" />
    <result column="user_nickname" jdbcType="VARCHAR" property="userNickname" />
  </resultMap>
  <sql id="Base_Column_List">
    user_id, user_ip, user_name, user_password, user_email, user_profile_photo, user_registration_time, 
    user_birthday, user_age, user_telephone_number, user_nickname
  </sql>
  <select id="selectByPrimaryKey" parameterType="java.lang.Integer" resultMap="BaseResultMap">
    select 
    <include refid="Base_Column_List" />
    from users
    where user_id = #{userId,jdbcType=INTEGER}
  </select>
  <delete id="deleteByPrimaryKey" parameterType="java.lang.Integer">
    delete from users
    where user_id = #{userId,jdbcType=INTEGER}
  </delete>
  <insert id="insert" parameterType="com.myblog.entity.User">
    insert into users (user_id, user_ip, user_name, 
      user_password, user_email, user_profile_photo, 
      user_registration_time, user_birthday, user_age, 
      user_telephone_number, user_nickname)
    values (#{userId,jdbcType=INTEGER}, #{userIp,jdbcType=VARCHAR}, #{userName,jdbcType=VARCHAR}, 
      #{userPassword,jdbcType=VARCHAR}, #{userEmail,jdbcType=VARCHAR}, #{userProfilePhoto,jdbcType=VARCHAR}, 
      #{userRegistrationTime,jdbcType=TIMESTAMP}, #{userBirthday,jdbcType=DATE}, #{userAge,jdbcType=INTEGER}, 
      #{userTelephoneNumber,jdbcType=INTEGER}, #{userNickname,jdbcType=VARCHAR})
  </insert>
  <insert id="insertSelective" parameterType="com.myblog.entity.User">
    insert into users
    <trim prefix="(" suffix=")" suffixOverrides=",">
      <if test="userId != null">
        user_id,
      </if>
      <if test="userIp != null">
        user_ip,
      </if>
      <if test="userName != null">
        user_name,
      </if>
      <if test="userPassword != null">
        user_password,
      </if>
      <if test="userEmail != null">
        user_email,
      </if>
      <if test="userProfilePhoto != null">
        user_profile_photo,
      </if>
      <if test="userRegistrationTime != null">
        user_registration_time,
      </if>
      <if test="userBirthday != null">
        user_birthday,
      </if>
      <if test="userAge != null">
        user_age,
      </if>
      <if test="userTelephoneNumber != null">
        user_telephone_number,
      </if>
      <if test="userNickname != null">
        user_nickname,
      </if>
    </trim>
    <trim prefix="values (" suffix=")" suffixOverrides=",">
      <if test="userId != null">
        #{userId,jdbcType=INTEGER},
      </if>
      <if test="userIp != null">
        #{userIp,jdbcType=VARCHAR},
      </if>
      <if test="userName != null">
        #{userName,jdbcType=VARCHAR},
      </if>
      <if test="userPassword != null">
        #{userPassword,jdbcType=VARCHAR},
      </if>
      <if test="userEmail != null">
        #{userEmail,jdbcType=VARCHAR},
      </if>
      <if test="userProfilePhoto != null">
        #{userProfilePhoto,jdbcType=VARCHAR},
      </if>
      <if test="userRegistrationTime != null">
        #{userRegistrationTime,jdbcType=TIMESTAMP},
      </if>
      <if test="userBirthday != null">
        #{userBirthday,jdbcType=DATE},
      </if>
      <if test="userAge != null">
        #{userAge,jdbcType=INTEGER},
      </if>
      <if test="userTelephoneNumber != null">
        #{userTelephoneNumber,jdbcType=INTEGER},
      </if>
      <if test="userNickname != null">
        #{userNickname,jdbcType=VARCHAR},
      </if>
    </trim>
  </insert>
  <update id="updateByPrimaryKeySelective" parameterType="com.myblog.entity.User">
    update users
    <set>
      <if test="userIp != null">
        user_ip = #{userIp,jdbcType=VARCHAR},
      </if>
      <if test="userName != null">
        user_name = #{userName,jdbcType=VARCHAR},
      </if>
      <if test="userPassword != null">
        user_password = #{userPassword,jdbcType=VARCHAR},
      </if>
      <if test="userEmail != null">
        user_email = #{userEmail,jdbcType=VARCHAR},
      </if>
      <if test="userProfilePhoto != null">
        user_profile_photo = #{userProfilePhoto,jdbcType=VARCHAR},
      </if>
      <if test="userRegistrationTime != null">
        user_registration_time = #{userRegistrationTime,jdbcType=TIMESTAMP},
      </if>
      <if test="userBirthday != null">
        user_birthday = #{userBirthday,jdbcType=DATE},
      </if>
      <if test="userAge != null">
        user_age = #{userAge,jdbcType=INTEGER},
      </if>
      <if test="userTelephoneNumber != null">
        user_telephone_number = #{userTelephoneNumber,jdbcType=INTEGER},
      </if>
      <if test="userNickname != null">
        user_nickname = #{userNickname,jdbcType=VARCHAR},
      </if>
    </set>
    where user_id = #{userId,jdbcType=INTEGER}
  </update>
  <update id="updateByPrimaryKey" parameterType="com.myblog.entity.User">
    update users
    set user_ip = #{userIp,jdbcType=VARCHAR},
      user_name = #{userName,jdbcType=VARCHAR},
      user_password = #{userPassword,jdbcType=VARCHAR},
      user_email = #{userEmail,jdbcType=VARCHAR},
      user_profile_photo = #{userProfilePhoto,jdbcType=VARCHAR},
      user_registration_time = #{userRegistrationTime,jdbcType=TIMESTAMP},
      user_birthday = #{userBirthday,jdbcType=DATE},
      user_age = #{userAge,jdbcType=INTEGER},
      user_telephone_number = #{userTelephoneNumber,jdbcType=INTEGER},
      user_nickname = #{userNickname,jdbcType=VARCHAR}
    where user_id = #{userId,jdbcType=INTEGER}
  </update>
  <resultMap id="BaseResultMap" type="com.myblog.entity.User">
    <id column="user_id" jdbcType="INTEGER" property="userId" />
    <result column="user_ip" jdbcType="VARCHAR" property="userIp" />
    <result column="user_name" jdbcType="VARCHAR" property="userName" />
    <result column="user_password" jdbcType="VARCHAR" property="userPassword" />
    <result column="user_email" jdbcType="VARCHAR" property="userEmail" />
    <result column="user_profile_photo" jdbcType="VARCHAR" property="userProfilePhoto" />
    <result column="user_registration_time" jdbcType="TIMESTAMP" property="userRegistrationTime" />
    <result column="user_birthday" jdbcType="DATE" property="userBirthday" />
    <result column="user_age" jdbcType="INTEGER" property="userAge" />
    <result column="user_telephone_number" jdbcType="INTEGER" property="userTelephoneNumber" />
    <result column="user_nickname" jdbcType="VARCHAR" property="userNickname" />
  </resultMap>
  <sql id="Base_Column_List">
    user_id, user_ip, user_name, user_password, user_email, user_profile_photo, user_registration_time, 
    user_birthday, user_age, user_telephone_number, user_nickname
  </sql>
  <select id="selectByPrimaryKey" parameterType="java.lang.Integer" resultMap="BaseResultMap">
    select 
    <include refid="Base_Column_List" />
    from users
    where user_id = #{userId,jdbcType=INTEGER}
  </select>
  <delete id="deleteByPrimaryKey" parameterType="java.lang.Integer">
    delete from users
    where user_id = #{userId,jdbcType=INTEGER}
  </delete>
  <insert id="insert" parameterType="com.myblog.entity.User">
    insert into users (user_id, user_ip, user_name, 
      user_password, user_email, user_profile_photo, 
      user_registration_time, user_birthday, user_age, 
      user_telephone_number, user_nickname)
    values (#{userId,jdbcType=INTEGER}, #{userIp,jdbcType=VARCHAR}, #{userName,jdbcType=VARCHAR}, 
      #{userPassword,jdbcType=VARCHAR}, #{userEmail,jdbcType=VARCHAR}, #{userProfilePhoto,jdbcType=VARCHAR}, 
      #{userRegistrationTime,jdbcType=TIMESTAMP}, #{userBirthday,jdbcType=DATE}, #{userAge,jdbcType=INTEGER}, 
      #{userTelephoneNumber,jdbcType=INTEGER}, #{userNickname,jdbcType=VARCHAR})
  </insert>
  <insert id="insertSelective" parameterType="com.myblog.entity.User">
    insert into users
    <trim prefix="(" suffix=")" suffixOverrides=",">
      <if test="userId != null">
        user_id,
      </if>
      <if test="userIp != null">
        user_ip,
      </if>
      <if test="userName != null">
        user_name,
      </if>
      <if test="userPassword != null">
        user_password,
      </if>
      <if test="userEmail != null">
        user_email,
      </if>
      <if test="userProfilePhoto != null">
        user_profile_photo,
      </if>
      <if test="userRegistrationTime != null">
        user_registration_time,
      </if>
      <if test="userBirthday != null">
        user_birthday,
      </if>
      <if test="userAge != null">
        user_age,
      </if>
      <if test="userTelephoneNumber != null">
        user_telephone_number,
      </if>
      <if test="userNickname != null">
        user_nickname,
      </if>
    </trim>
    <trim prefix="values (" suffix=")" suffixOverrides=",">
      <if test="userId != null">
        #{userId,jdbcType=INTEGER},
      </if>
      <if test="userIp != null">
        #{userIp,jdbcType=VARCHAR},
      </if>
      <if test="userName != null">
        #{userName,jdbcType=VARCHAR},
      </if>
      <if test="userPassword != null">
        #{userPassword,jdbcType=VARCHAR},
      </if>
      <if test="userEmail != null">
        #{userEmail,jdbcType=VARCHAR},
      </if>
      <if test="userProfilePhoto != null">
        #{userProfilePhoto,jdbcType=VARCHAR},
      </if>
      <if test="userRegistrationTime != null">
        #{userRegistrationTime,jdbcType=TIMESTAMP},
      </if>
      <if test="userBirthday != null">
        #{userBirthday,jdbcType=DATE},
      </if>
      <if test="userAge != null">
        #{userAge,jdbcType=INTEGER},
      </if>
      <if test="userTelephoneNumber != null">
        #{userTelephoneNumber,jdbcType=INTEGER},
      </if>
      <if test="userNickname != null">
        #{userNickname,jdbcType=VARCHAR},
      </if>
    </trim>
  </insert>
  <update id="updateByPrimaryKeySelective" parameterType="com.myblog.entity.User">
    update users
    <set>
      <if test="userIp != null">
        user_ip = #{userIp,jdbcType=VARCHAR},
      </if>
      <if test="userName != null">
        user_name = #{userName,jdbcType=VARCHAR},
      </if>
      <if test="userPassword != null">
        user_password = #{userPassword,jdbcType=VARCHAR},
      </if>
      <if test="userEmail != null">
        user_email = #{userEmail,jdbcType=VARCHAR},
      </if>
      <if test="userProfilePhoto != null">
        user_profile_photo = #{userProfilePhoto,jdbcType=VARCHAR},
      </if>
      <if test="userRegistrationTime != null">
        user_registration_time = #{userRegistrationTime,jdbcType=TIMESTAMP},
      </if>
      <if test="userBirthday != null">
        user_birthday = #{userBirthday,jdbcType=DATE},
      </if>
      <if test="userAge != null">
        user_age = #{userAge,jdbcType=INTEGER},
      </if>
      <if test="userTelephoneNumber != null">
        user_telephone_number = #{userTelephoneNumber,jdbcType=INTEGER},
      </if>
      <if test="userNickname != null">
        user_nickname = #{userNickname,jdbcType=VARCHAR},
      </if>
    </set>
    where user_id = #{userId,jdbcType=INTEGER}
  </update>
  <update id="updateByPrimaryKey" parameterType="com.myblog.entity.User">
    update users
    set user_ip = #{userIp,jdbcType=VARCHAR},
      user_name = #{userName,jdbcType=VARCHAR},
      user_password = #{userPassword,jdbcType=VARCHAR},
      user_email = #{userEmail,jdbcType=VARCHAR},
      user_profile_photo = #{userProfilePhoto,jdbcType=VARCHAR},
      user_registration_time = #{userRegistrationTime,jdbcType=TIMESTAMP},
      user_birthday = #{userBirthday,jdbcType=DATE},
      user_age = #{userAge,jdbcType=INTEGER},
      user_telephone_number = #{userTelephoneNumber,jdbcType=INTEGER},
      user_nickname = #{userNickname,jdbcType=VARCHAR}
    where user_id = #{userId,jdbcType=INTEGER}
  </update>
</mapper>