<?xml version="1.0" encoding="UTF-8" ?>

    <!DOCTYPE generatorConfiguration 
      PUBLIC "-//mybatis.org//DTD MyBatis Generator Configuration 1.0//EN"
      "http://mybatis.org/dtd/mybatis-generator-config_1_0.dtd">

<generatorConfiguration>
   <!--  C:/Users/Administrator/.m2/repository/mysql/mysql-connector-java/5.1.6 -->
    <classPathEntry
        location="C:/Users/Administrator/.m2/repository/mysql/mysql-connector-java/5.1.6/mysql-connector-java-5.1.6.jar" />
    <context id="mysqlTables" targetRuntime="MyBatis3">
    
        <commentGenerator>
            <property name="suppressAllComments" value="true" />
        </commentGenerator>
        
        <jdbcConnection driverClass="com.mysql.jdbc.Driver"
            connectionURL="jdbc:mysql://localhost:3306/myblog?userUnicode=true&amp;characterEncoding=utf-8&amp;serverTimezone=GMT%2B8"
            userId="root" password="root">
        </jdbcConnection>
        
        <javaTypeResolver>
            <property name="forceBigDecimals" value="false" />
        </javaTypeResolver>

         <!-- 生成model模型，对应的包，存放位置可以指定具体的路径,如/ProjectName/src，也可以使用MAVEN来自动生成 -->
        <javaModelGenerator targetPackage="com.myblog.entity"
            targetProject="C:/Users/Administrator/IdeaProjects/myblog">
            <property name="enableSubPackages" value="true" />
            <property name="trimStrings" value="true" />
        </javaModelGenerator>
        
         <!--对应的xml mapper文件  -->
        <sqlMapGenerator targetPackage="com.myblog.mappers" targetProject="C:/Users/Administrator/IdeaProjects/myblog">
            <property name="enableSubPackages" value="true" />
        </sqlMapGenerator>
        
        <!-- 对应的dao接口 -->
        <javaClientGenerator type="XMLMAPPER"
            targetPackage="com.myblog.dao" targetProject="C:/Users/Administrator/IdeaProjects/myblog">
            <property name="enableSubPackages" value="true" />
        </javaClientGenerator>

         <!-- 这里是数据库的表名table_user 以及 POJO类的名字User -->
        <table tableName="articles" domainObjectName="Articles"
            enableCountByExample="false" enableSelectByExample="false"
            enableUpdateByExample="false" enableDeleteByExample="false">
        </table>

        <table tableName="comments" domainObjectName="Comments"
               enableCountByExample="false" enableSelectByExample="false"
               enableUpdateByExample="false" enableDeleteByExample="false">
        </table>
        <table tableName="labels" domainObjectName="Labels"
               enableCountByExample="false" enableSelectByExample="false"
               enableUpdateByExample="false" enableDeleteByExample="false">
        </table>
        <table tableName="set_artitle_label" domainObjectName="SetArtitleLabel"
               enableCountByExample="false" enableSelectByExample="false"
               enableUpdateByExample="false" enableDeleteByExample="false">
        </table>
        <table tableName="set_artitle_sort" domainObjectName="SetArtitleSort"
               enableCountByExample="false" enableSelectByExample="false"
               enableUpdateByExample="false" enableDeleteByExample="false">
        </table>
        <table tableName="sorts" domainObjectName="Sorts"
               enableCountByExample="false" enableSelectByExample="false"
               enableUpdateByExample="false" enableDeleteByExample="false">
        </table>
        <table tableName="user_friends" domainObjectName="UserFriends"
               enableCountByExample="false" enableSelectByExample="false"
               enableUpdateByExample="false" enableDeleteByExample="false">
        </table>
        <table tableName="users" domainObjectName="User"
               enableCountByExample="false" enableSelectByExample="false"
               enableUpdateByExample="false" enableDeleteByExample="false">
        </table>
    </context>

</generatorConfiguration>